{
  "analysis": {
    "n_simulations": 500,
    "mean_pnl": 0.004123479967829815,
    "std_pnl": 0.010536202506428534,
    "min_pnl": -0.023024167363737913,
    "max_pnl": 0.039438654589151856,
    "median_pnl": 0.0038119596020071977,
    "sharpe_ratio": 6.093118803509955,
    "sortino_ratio": 12.267981604674898,
    "value_at_risk_95": -0.013214254128284841,
    "value_at_risk_99": -0.017903053050127158,
    "expected_shortfall_95": -0.016540028304021365,
    "expected_shortfall_99": -0.021496904887962565,
    "maximum_drawdown": -0.059430951288594214,
    "prob_profit": 0.65,
    "prob_loss_greater_10pct": 0.0,
    "prob_loss_greater_20pct": 0.0,
    "pnl_confidence_interval": {
      "lower": -0.015525165431638397,
      "upper": 0.024862103718536865
    }
  },
  "raw_results_summary": {
    "count": 500,
    "mean": 0.004123479967829815,
    "std": 0.010536202506428534,
    "quartiles": {
      "25%": -0.003177481637766183,
      "50%": 0.0038119596020071977,
      "75%": 0.011494399628569352
    }
  },
  "generated_at": "2025-12-07T01:38:50.477513"
}